{
    "SourceFile": "*",
    "IFD0:Artist": "Jane Doe",
    "IPTC:By-line": "Jane Doe",
    "XMP-dc:Creator": [
      "Jane Doe"
    ],
    "XMP-plus:ImageCreator": [
      {
        "ImageCreatorName": "Jane Doe",
        "ImageCreatorID": "https://example.com/photogs/JaneDoe"
      }
    ],
    "IPTC:By-lineTitle": "photographer",
    "XMP-photoshop:AuthorsPosition": "photographer",
    "IFD0:Copyright": "© Copyright 2020 Jane Doe",
    "IPTC:CopyrightNotice": "© Copyright 2020 Jane Doe",
    "XMP-dc:Rights": "© Copyright 2020 Jane Doe",
    "IPTC:Credit": "Jane Doe/Photo Agency XYZ",
    "XMP-photoshop:Credit": "Jane Doe/Photo Agency XYZ",
    "XMP-xmpRights:WebStatement": "https://xyz.example.com/photo-copyright",
    "XMP-plus:Licensor": [
      {
        "LicensorName": "Photo Agency XYZ",
        "LicensorID": "https://xyz.example.com/",
        "LicensorURL": "https://xyz.example.com/licensing"
      }
    ]
  }